热门查询,点击次数,展示,点击率,排名
"a1c for seniors,17,668,2.54%,8.17",0,28,0%,27.25
"a1c goals by age 70,123,4473,2.75%,5.5",0,26,0%,23.81
nsaids heart risks seniors,0,15,0%,8.47
setting a1c goals in diabetic patients,0,13,0%,55.77
nsaids weaken senior hearts risks,0,12,0%,9.08
bpcare,0,10,0%,10.2
hba1c 7.5-7.8% elderly 75 management strategies,0,8,0%,18
bp rating ai,0,7,0%,7.57
high fiber sides,0,6,0%,57
how does menopause impact heart health in women?,0,6,0%,93
cold medicine and alcohol,0,5,0%,95
nsaids raise blood pressure evidence american heart association,0,4,0%,4.75
bp of 70/50 in 87 year old,0,4,0%,53.25
high fiber side dishes,0,4,0%,75
nsaids heart weakening seniors,0,3,0%,22.33
how pets improve heart health and lower blood pressure,0,3,0%,69.33
nsaids and heart disease,0,3,0%,96.67
high readings,0,3,0%,97.67
heart attacks,0,2,0%,7
slow wound healing diabetes symptom,0,2,0%,7.5
cold stress reaction blood sugar,0,2,0%,8
cold stress reaction blood glucose change,0,2,0%,11
heart disease nails,0,2,0%,11.5
fingernail signs indicate heart disease,0,2,0%,20
heart failure urination at night,0,2,0%,30
a1c goals by age 70,0,2,0%,46.5
deep breathing blood pressure reduction,0,2,0%,47.5
soup for high cholesterol,0,2,0%,67.5
can kidney disease affect your heart,0,2,0%,72.5
soup for hypertension,0,2,0%,85.5
diabetes in cold weather,0,2,0%,89
alcohol and cold medicine,0,2,0%,89.5
obesity and heart problems,0,2,0%,91
high reading,0,2,0%,94.5
sleep apnea causes high blood pressure,0,2,0%,94.5
seasonal variation in blood pressure higher in winter lower in summer,0,1,0%,5
bp care,0,1,0%,6
nsaids increase blood pressure american heart association,0,1,0%,8
ai bp,0,1,0%,10
what do fingernails look like with heart disease,0,1,0%,12
high blood pressure and frequent urination at night,0,1,0%,13
nighttime urination high blood pressure,0,1,0%,20
high fiber sides for dinner,0,1,0%,27
frequent urination heart failure,0,1,0%,28
high fibre sides,0,1,0%,28
a1c target for elderly,0,1,0%,44
blood pressure first thing in the morning,0,1,0%,58
nocturia heart failure,0,1,0%,65
elderly diabetic foot care,0,1,0%,75
high fiber dinner sides,0,1,0%,76
sleep apnea high blood pressure,0,1,0%,77
why blood pressure higher winter than summer,0,1,0%,83
a1c level for seniors,0,1,0%,84
blood pressure after walking around,0,1,0%,87
can you reduce hour a1c at 90 years old,0,1,0%,87
cholesterol lowering soups,0,1,0%,87
a1c goal,0,1,0%,91
nails of person with heart problem,0,1,0%,92
how much does sleep apnea raise blood pressure,0,1,0%,95
cold weather and hypertension,0,1,0%,96
is slow walking good for heart,0,1,0%,96
breathing exercise to lower bp,0,1,0%,97
cold medication and alcohol,0,1,0%,98
cold weather hypertension,0,1,0%,98
exercise induced hypertension,0,1,0%,98