排名靠前的网页,点击次数,展示,点击率,排名
https://bpcareai.com/,8,124,6.45%,5.66
https://www.bpcareai.com/articles/why-your-fasting-blood-sugar-rises-during-the-holidays-and-what-to-do,3,77,3.9%,9.65
https://bpcareai.com/articles/exercise-induced-blood-pressure-when-it-s-normal-vs-dangerous,2,448,0.45%,21.83
https://bpcareai.com/articles/how-cold-weather-affects-blood-pressure-medication-effectiveness,2,47,4.26%,9.57
https://bpcareai.com/articles/blood-sugar-friendly-holiday-gift-ideas-for-diabetics-over-70,1,179,0.56%,8.87
https://bpcareai.com/articles/is-low-blood-pressure-dangerous-for-seniors,1,82,1.22%,16.16
https://bpcareai.com/articles/the-hidden-dangers-of-indoor-heating-on-blood-pressure,1,34,2.94%,13.38
https://bpcareai.com/articles/7-hidden-sleep-position-risks-that-worsen-pulmonary-congestion-in-adults-73-with-hfpef-and-mild-obstructive-sleep-apnea,1,25,4%,10.28
https://bpcareai.com/articles/why-does-blood-pressure-spike-in-cold-weather-what-seniors-need-to-know,1,17,5.88%,33.18
https://bpcareai.com/articles/holiday-eating-on-a-soft-food-diet-ideas-for-seniors-with-dental-issues,1,7,14.29%,8.43
https://bpcareai.com/articles/healthy-carbohydrate-choices-for-diabetics-in-their-60s-and-70s,1,5,20%,12.6
https://www.bpcareai.com/,1,3,33.33%,6.33
https://bpcareai.com/articles/understanding-a1c-goals-for-seniors-with-diabetes,0,267,0%,26.12
https://bpcareai.com/articles/how-strong-are-your-fingernails-what-it-might-say-about-your-heart,0,174,0%,11.68
https://bpcareai.com/articles/the-impact-of-long-term-nsaid-use-on-heart-disease-risk,0,99,0%,14.71
https://bpcareai.com/articles/best-warm-heart-healthy-soups-for-seniors-with-high-cholesterol,0,97,0%,15.23
https://bpcareai.com/articles/best-high-fiber-sides-for-family-dinners-that-everyone-will-actually-eat,0,58,0%,34.64
https://bpcareai.com/articles/how-frequent-urination-at-night-could-signal-heart-problems,0,50,0%,14.46
https://bpcareai.com/articles/best-supplements-for-blood-sugar-support-after-50,0,48,0%,10.83
https://bpcareai.com/articles/blood-pressure-readings-at-home-vs-doctor-s-office-why-they-differ,0,44,0%,19.84
https://bpcareai.com/articles/best-blood-sugar-friendly-holiday-drinks-for-diabetics-over-65,0,40,0%,13
https://bpcareai.com/articles/when-to-worry-about-high-readings,0,40,0%,19.35
https://bpcareai.com/articles/does-layering-clothes-help-regulate-blood-pressure-in-cold-climates,0,39,0%,6.79
https://bpcareai.com/articles/hidden-salt-10-surprising-foods-that-spike-blood-pressure,0,38,0%,12.82
https://bpcareai.com/articles/does-caffeine-raise-blood-pressure-after-age-60,0,37,0%,9
https://bpcareai.com/articles/how-cold-weather-affects-blood-sugar-in-people-with-diabetes,0,35,0%,20.91
https://bpcareai.com/articles/blood-pressure-and-alcohol-how-much-is-too-much,0,33,0%,13.55
https://bpcareai.com/articles/meal-timing-strategies-for-better-blood-sugar-control-after-50,0,32,0%,11.44
https://bpcareai.com/articles/can-gardening-improve-heart-health-after-50,0,32,0%,14.59
https://bpcareai.com/articles/why-sitting-too-long-raises-blood-pressure,0,31,0%,21.87
https://bpcareai.com/articles/the-truth-about-blood-pressure-normalization-after-bariatric-surgery-why-some-adults-55-67-see-late-onset-hypotension-3-years-post-rygb,0,28,0%,9
https://bpcareai.com/articles/the-connection-between-frequent-urination-at-night-and-heart-health,0,28,0%,15.75
https://bpcareai.com/articles/a-guide-to-allergen-friendly-family-meals-for-mixed-diet-households,0,26,0%,16
https://bpcareai.com/articles/the-link-between-diabetes-and-slow-healing-in-older-adults,0,26,0%,17.92
https://bpcareai.com/articles/the-hidden-danger-of-combining-alcohol-and-cold-medicines-over-50,0,26,0%,43.88
https://bpcareai.com/articles/why-winter-increases-heart-attack-risk-in-seniors-over-70,0,25,0%,8.72
https://www.bpcareai.com/about,0,23,0%,3.22
https://www.bpcareai.com/articles/can-walking-after-meals-lower-blood-sugar-in-older-adults,0,21,0%,11.67
https://bpcareai.com/articles/winter-vs-summer-blood-pressure-what-seniors-need-to-know,0,21,0%,12.86
https://bpcareai.com/articles/can-you-enjoy-thanksgiving-if-you-have-high-blood-pressure,0,20,0%,11.2
https://www.bpcareai.com/articles/is-sitting-too-much-harming-your-heart-after-60,0,18,0%,11.61
https://bpcareai.com/articles/are-sugar-free-treats-actually-safe-for-diabetics-over-65,0,17,0%,5.59
https://bpcareai.com/articles/when-to-worry-about-dizziness-or-fatigue-at-holiday-events-with-diabetes,0,17,0%,9.71
https://bpcareai.com/articles/how-chronic-inflammation-worsens-type-2-diabetes-after-50,0,17,0%,20.94
https://bpcareai.com/articles/how-morning-blood-pressure-spikes-affect-your-heart,0,17,0%,24.76
https://bpcareai.com/articles/how-social-isolation-impacts-heart-disease-risk-in-older-adults,0,16,0%,20.19
https://www.bpcareai.com/articles,0,15,0%,6.87
https://www.bpcareai.com/contact,0,15,0%,8.47
https://bpcareai.com/articles/how-pets-support-heart-health-in-older-adults,0,15,0%,50.2
https://bpcareai.com/articles/the-best-indoor-exercises-for-blood-pressure-control-in-winter,0,13,0%,6.46
https://bpcareai.com/articles/the-link-between-sleep-apnea-and-high-blood-pressure-after-50,0,12,0%,6.58
https://bpcareai.com/articles/can-strength-training-lower-heart-disease-risk-after-60,0,12,0%,20.33
https://bpcareai.com/articles/top-10-diabetes-friendly-snacks-for-people-over-60,0,11,0%,28.27
https://bpcareai.com/articles/how-obesity-contributes-to-heart-disease-in-middle-age,0,11,0%,30.45
https://bpcareai.com/contact,0,10,0%,5
https://www.bpcareai.com/articles/how-walking-speed-can-reflect-heart-health-and-blood-pressure,0,10,0%,24.7
https://bpcareai.com/articles/can-deep-breathing-exercises-reduce-high-blood-pressure,0,10,0%,39.7
https://bpcareai.com/articles/best-fruits-for-diabetics-over-50-and-which-to-limit,0,9,0%,7
https://www.bpcareai.com/articles/the-hidden-dangers-of-indoor-heating-on-blood-pressure,0,9,0%,9.44
https://bpcareai.com/articles/why-your-new-year-s-eve-party-could-be-a-heart-risk-after-age-55,0,9,0%,11.67
https://bpcareai.com/articles/how-holiday-travel-disrupts-circadian-rhythm-and-triggers-atrial-fibrillation-in-adults-68-with-diagnosed-af-and-time-zone-shifted-medication-schedules,0,8,0%,4.88
https://bpcareai.com/articles/10-foods-that-lower-post-exercise-heart-rate-recovery-time-for-adults-59-73-with-hypertension-and-sluggish-hrv,0,8,0%,7.25
https://www.bpcareai.com/articles/5-hidden-sources-of-sodium-in-holiday-foods-seniors-should-avoid,0,8,0%,11
https://www.bpcareai.com/articles/when-to-worry-about-high-readings,0,8,0%,28.12
https://bpcareai.com/articles/how-menopause-affects-heart-disease-risk-in-women,0,8,0%,76.62
https://bpcareai.com/articles/how-cold-weather-impacts-appetite-and-food-choices-in-seniors-during-the-holidays,0,7,0%,8.43
https://bpcareai.com/articles/diabetes-and-vision-changes-what-seniors-need-to-know,0,7,0%,15.43
https://bpcareai.com/articles/a-vs-b-morning-7-a-m-walking-on-an-empty-stomach-vs-30-minute-post-dinner-walk-for-reducing-nocturnal-glucose-spikes-in-men-59-68-with-prediabetes-and-visceral-adiposity,0,6,0%,6
https://bpcareai.com/articles/12-science-backed-times-to-check-your-resting-heart-rate-not-just-during-clinic-visits-in-adults-58-with-anxiety-related-palpitations,0,6,0%,6.17
https://bpcareai.com/articles/low-sodium-holiday-turkey-brine-recipe-for-seniors-with-high-blood-pressure,0,6,0%,6.33
https://bpcareai.com/articles/why-older-women-gain-weight-faster-during-the-holidays-after-menopause,0,6,0%,7.17
https://bpcareai.com/articles/blood-pressure-fluctuations-during-menopause-what-women-should-know,0,6,0%,14.17
https://bpcareai.com/articles/the-link-between-sleep-apnea-and-high-blood-pressure,0,6,0%,69.17
https://www.bpcareai.com/articles/does-sugar-free-chocolate-really-help-diabetics-over-60-enjoy-holidays-safely,0,5,0%,9
https://bpcareai.com/articles/could-your-heartbeats-per-minute-predict-longevity,0,5,0%,18.6
https://bpcareai.com/articles/heart-disease-and-chronic-kidney-disease-the-dangerous-connection,0,5,0%,49.6
https://bpcareai.com/articles/foot-care-basics-every-senior-with-diabetes-should-know,0,5,0%,62
https://bpcareai.com/articles/how-to-balance-indulgence-and-control-at-holiday-parties-with-diabetes,0,4,0%,7
https://bpcareai.com/articles/natural-ways-to-support-mitochondrial-biogenesis-after-holiday-overeating-without-supplements-for-adults-59-70-with-sedentary-lifestyle-and-low-vo2-max,0,4,0%,8.25
https://www.bpcareai.com/articles/5-smart-substitutions-for-classic-holiday-dishes-that-won-t-spike-glucose,0,4,0%,10.5
https://bpcareai.com/articles/how-vitamin-d-deficiency-impacts-heart-health-in-winter,0,4,0%,16.25
https://bpcareai.com/articles/10-smart-swaps-to-make-your-family-recipes-healthier-without-losing-flavor,0,3,0%,5
https://www.bpcareai.com/articles/diabetes-and-vision-changes-what-seniors-need-to-know,0,3,0%,6
http://bpcareai.com/,0,3,0%,6.33
https://bpcareai.com/articles/does-holiday-lighting-or-noise-affect-sleep-and-blood-sugar-control,0,3,0%,6.33
https://bpcareai.com/articles/simple-steps-to-lower-post-holiday-c-reactive-protein-in-just-5-days-using-only-frozen-berries-ground-flax-and-your-evening-tea-ritual,0,3,0%,7
https://bpcareai.com/articles/could-your-medications-be-raising-your-blood-pressure,0,3,0%,8
https://bpcareai.com/articles/how-to-enjoy-alcohol-safely-during-holidays-without-triggering-heart-issues,0,3,0%,9
https://www.bpcareai.com/articles/how-to-eat-mindfully-at-buffets-without-spiking-blood-sugar,0,3,0%,9
https://bpcareai.com/articles/easy-heart-healthy-holiday-appetizers-under-150-calories,0,3,0%,9.67
https://bpcareai.com/articles/how-to-eat-mindfully-at-buffets-without-spiking-blood-sugar,0,3,0%,9.67
https://bpcareai.com/articles/are-morning-stiff-joints-a-sign-of-inflammation-that-hurts-your-heart,0,3,0%,16.67
https://bpcareai.com/articles/5-hidden-sources-of-sodium-in-holiday-foods-seniors-should-avoid,0,3,0%,17.67
https://bpcareai.com/articles/what-to-eat-after-a-holiday-meal-if-you-have-acid-reflux-over-60,0,3,0%,22.33
https://bpcareai.com/articles/a-plate-by-plate-guide-to-building-a-balanced-holiday-meal-for-seniors-with-kidney-disease,0,3,0%,26
https://bpcareai.com/articles/the-role-of-magnesium-in-maintaining-a-healthy-heart-after-50,0,3,0%,28
https://www.bpcareai.com/articles/the-link-between-sleep-apnea-and-high-blood-pressure-after-50,0,2,0%,4.5
https://bpcareai.com/articles/7-unexpected-signs-of-nocturnal-hypoglycemia-in-women-58-73-with-insulin-therapy-and-perimenopausal-sleep-fragmentation,0,2,0%,5
https://bpcareai.com/articles/when-to-worry-about-weight-gain-after-a-family-gathering,0,2,0%,6
https://bpcareai.com/articles/why-arm-pain-shouldn-t-be-ignored-in-women-over-50,0,2,0%,6.5
https://bpcareai.com/articles/why-annual-heart-screenings-are-crucial-after-turning-60,0,2,0%,9
https://bpcareai.com/articles/when-to-worry-about-a-loved-one-s-winter-mood-changes-after-75,0,2,0%,9.5
https://bpcareai.com/articles/the-truth-about-cheating-on-your-diet-during-family-celebrations,0,2,0%,10
https://bpcareai.com/articles/how-to-host-a-holiday-gathering-that-accommodates-all-dietary-restrictions-for-seniors,0,2,0%,13
https://bpcareai.com/articles/how-sleep-affects-heart-health-after-50,0,2,0%,13.5
https://bpcareai.com/articles/how-type-2-diabetes-increases-heart-disease-risk-after-50,0,2,0%,15.5
https://bpcareai.com/articles/the-complete-guide-to-avoiding-holiday-heart-syndrome-after-50,0,2,0%,25.5
https://bpcareai.com/articles/how-retirement-changes-affect-heart-health,0,2,0%,35.5
https://bpcareai.com/articles/natural-ways-to-lower-blood-pressure-this-winter-without-medication,0,1,0%,2
https://bpcareai.com/articles/how-chronic-loneliness-alters-heart-rate-variability-in-adults-65-and-why-that-predicts-5-year-cardiovascular-mortality-risk,0,1,0%,4
https://bpcareai.com/articles/can-napping-after-meals-lower-blood-sugar-during-holiday-feasts,0,1,0%,5
https://bpcareai.com/articles/what-are-the-first-signs-of-holiday-heart-syndrome-in-women,0,1,0%,6
https://www.bpcareai.com/articles/can-mindfulness-meditation-reduce-heart-disease-risk-after-50,0,1,0%,6
https://bpcareai.com/articles/the-hidden-link-between-holiday-stress-and-irregular-heartbeat,0,1,0%,7
https://bpcareai.com/articles/heart-disease-and-erectile-dysfunction-what-men-should-know,0,1,0%,9
https://bpcareai.com/articles/heart-disease-warning-signs-that-appear-years-in-advance,0,1,0%,10
https://bpcareai.com/articles/natural-ways-to-support-post-meal-insulin-sensitivity-without-supplements-for-adults-57-69-with-abdominal-obesity-and-mild-nafld,0,1,0%,10
https://bpcareai.com/articles/when-to-worry-about-chest-discomfort-after-a-big-holiday-meal,0,1,0%,10
https://bpcareai.com/articles/when-to-worry-about-that-post-dinner-food-coma-red-flags-of-early-cognitive-vascular-insufficiency-in-adults-64-with-hypertension-and-snoring,0,1,0%,10
https://www.bpcareai.com/articles/12-smart-swaps-to-manage-blood-sugar-during-holiday-meals,0,1,0%,15
https://bpcareai.com/articles/how-to-navigate-the-holiday-buffet-without-sabotaging-your-health-goals,0,1,0%,33
https://bpcareai.com/articles/does-sugar-free-chocolate-really-help-diabetics-over-60-enjoy-holidays-safely,0,1,0%,42